summonerId,summonerName,leaguePoints,rank,wins,losses,puuid
,,2487,I,297,182,0xQOLgSmZaGD-OELquJwITHUv1BuCtMj1oszoII7yZIQsbRjPNrZ0Z30KVT_UuS5KrFQ0k976HSANQ
,,2397,I,249,120,1UiPCsN-DHcAhymely_Xm1T2C1Jqu6TtauxGI8V_46cJr6xeJGWDDDjMeRd2Kmv2Efa6WxLX-uXmWw
,,2375,I,141,53,nM-8Oo8UbO6AQVcn0cI1saW_ZOsoa4XmNduK7w2v-mhQ1efq-Zrjk3W3xEQqrfVf2u3dbcuMmaiaxg
,,2374,I,253,149,xMSyMks_4RupFRip99CzU-gKjV9LJerx78a__RpIkkXGYyUMN99dJ9WoS9ndR-sKzMrlq11yFTILuQ
,,2260,I,197,108,Q_jUcjweF5IgbtgLhTjQyPQfDKXDlUd6dcYiIi-uj9q3zkgwJY1DPsBS5YGQekZNEm0mSNIGuLj3BA
,,2253,I,178,92,AkVLuj15rfT_q8QF_kbcfkOBz-ICcwVAsH5cPdx1nZxrRKtsY08blK1R_ozcmSDgl2clzW0TFz6Ojw
,,2225,I,176,110,SCXGezQwOD0UIyjLWjXbWvWWfT9qJcgFbCYR7wmj03nRGp49Q2mMId4QCQGmiDm-EudsYDZkDbwBbg
,,2078,I,167,114,jwlTmzbnMpd1Q80NUpFLUGGx7oTE-HOMyTP71YrlahedHMzeUdIC1vmNbbLWIbokLtrwKzY_k4NHfA
,,2026,I,237,143,8Qf-JAlNNFhRnWUVZL99Gye0wnEymZF2UAkrdKYRMQPZlOEqy9fdfjTR_a9O0HuqaV-f_Ry3VxdULQ
,,1967,I,136,72,QwiXxN2uP3QpyEPPrJ4nUBmpQ2ynVuDXlYeYiaHPPAeFIWffqBqwg-PmvCkTC_AX1Xi_o7Vhmo4mDg
,,1883,I,161,94,CB5T1PZ6sIk4ibDwtSebBXg8NqjlEGekhMSBM-kz83xGJAKcDPbaQIXree2y-BWyBqH5N_tSuwdNyw
,,1869,I,177,121,GFuS8V--KaAdwrvqj8W62AT30Dk06TvQm__N8Jgjwsgb-7GZizWgkMlRr-521_KP-lFqe25mluvn6w
,,1845,I,149,111,bnRQ9lj5yVHDhJ1m57_VI4NklxXUU-PLlBzexFE27W27zpURggwO6a4IcOTUioD3vABcVTapPMaEJg
,,1803,I,140,99,KIAzgI3z2KeDNHRhr5DfnbHxPI4Qz5cfnuijAybYvnCW2B-q-MFsagSjQdWTl1TDhUkAa4P_hCM_bw
,,1801,I,162,80,H0y5OEz2PFc7bjpAhUTqRQ6vRWHWhbEsLJ6nG2gCkq_oE9JYyQMQZ4kyMoJXSMn1y6s2-i27I5XuOA
,,1763,I,228,124,v3rbSVwG2C5qcI_MgN9RdeWY2lsShUzgQSCjA5gkKYI-S2nHHt9DzKjGSj4aWmpWIGV1FXSfFDkGdw
,,1708,I,192,115,h5zJxbS5WPXPEwWthXR9yvYMqjpMuKEdSININpUBxg3oMRMJzodaoGICBXjBOqxy_xNv6RI4nEjupQ
,,1702,I,130,80,kpSybWXfPMuAx2-S2tb9hvettRhVIb8bdX1SR7O65dFjd8_SziLDBn3M-q4mtUWr-3iRkJA8rQUVCw
,,1688,I,171,145,7rI14iwf1vvNduGnZfnwMsRxDSUo8BoetDLatvYj6-BCA5N7t6yPatYYB_FBINVrS7srTIsKSat_MQ
,,1686,I,149,110,mCFviuDAF6TtGS1EoqnRyWj8Uoabn2Txv-wfwmblIPmVngDfOatzZo8u37GsQhoBzdjn4fbXbewOLg
,,1637,I,175,144,cLNMqjBl-wnUUnZq-my905mPYiIqLIghFQaF9-Dbm5hoEjYcpzA11HbLdAuNaaRUjEY82eUIDDS8tg
,,1609,I,167,120,rRIt0E8N0YSWNwHwBrb0ycakeqJdDYb5qKvlpJwDrvlysxbz76hBVONDprw9inUeBCp_ui7obsYa1w
,,1609,I,146,96,tJ--0T-c0vHhhh9l_ATsf_mJq3G3obVnVLSEBjJSiHYQlYHF6jpk3Dq021HltdIS-xzQvXcCvAoLcg
,,1608,I,127,79,adzIqS7UvcAlYj2R80e5hmu6c8IyhipsEQ_j3GqfK0B_YlwupwR8k1G04xKknHSmQTQ6eXuS353cFA
,,1577,I,179,116,ZF1ayxoKqEKEJutp6mOR4xGDTa5Djc0ib4KCMw2YP1qhAs1JIPB-1O8DL8_WUm1WaPmwH3oP8s1h7w
,,1566,I,169,98,yY5NLrkYG2YEiIOlBN4zEfXNvvQdaPVvAF6An4jhRFvawnx40Fqc1qvaXAKe5xgw5__NLbO1bzmBow
,,1546,I,159,105,JYUsU07VPHNq0fKTJ1K5jsB1P-U4L5sWbMQASDbp2vokQFH0sGkDOD3YTRlYOQ54a9CEpA-iRpvsBw
,,1543,I,112,50,feyh7HN__QAYPpp4dGCQP0IDXkWazE0oXZSBRjrGLy_uqht-TAqobspw4uJm3VZLyzUdCrdorVWHxA
,,1522,I,121,102,jjP2xx2iM9k338STO9WS2grlZNfC4PK9E8n6Ye22Wqih2wl9yH0nD64QttHfhdEIkMom1EeDB46bVA
,,1511,I,199,157,FFBmLjr5KQcLVeil-Virs4XdSubdn-ZYHmHhLIMMha-R5aO3r_Vk07VTVpy7GgpCv_be7X9W70-VWQ
,,1510,I,281,210,n3CtTOURBkL_5Wrtp4lpCRW5bIJBBtgKgyMbB37HpASig59O1GffuVqJW1RtUreFHh1_EDcZrOWfNA
,,1510,I,179,139,RCfzsnHJ4iOuwMLHcnOgtZ35yCizws-pORUlZACWMN9eKd9vn7hoWm6jRwuS6bHxSjM9jsC2orj1KA
,,1495,I,219,146,LgJ4DRtzpqqB1jc1OtTf3HVZxblRlSPIXBxr8SxOMOs6RZShajx4gwlRUAu7BDO6YI-qd6B_fI5OoA
,,1485,I,163,132,7LVg1bdeqGpuvgdh89H-DY23u_eiWq763PjqBDAxltpwQRhF3vE_osyCfZZwb-IHoHQVCY8GIqT3ww
,,1469,I,161,137,Um8Vxmp9W4rUWfp1YzF3IQVV24cEwMDh1cG7n2ss8nU7fS5NXMcg-FUhSgVJ5lfZTVvFnAwP3Lu_NQ
,,1464,I,114,85,-qVLSKiMyEjtT7C_JBluJJsm5EhANiQvRbgV8FC5RLOhaFXuaLno55DGqeeV-SH_XFzsKp0psJcbZQ
,,1464,I,109,59,3MKSqKwo87eaYBXsWtxF4aTNMuvhuCtNK2Ym1sgHUhWHWDfaoFuAdHunbf7pnVw0SH-OPzy4k-azXw
,,1431,I,142,64,IyrRhKZPU5op3h7hfYLTG2eoe2NqT67RRRmR3WKIOqGWX53oGNVyyet6501z21HgUpfdyi1kLVdeEQ
,,1425,I,184,146,oKKZQ8Pzl8xI2ehDdqm49NF-pwbk7iZI5_u2RYm0YGaVgq5WTe4Wt0-pbhmW4joCu7DoMDtceJiwZQ
,,1425,I,150,115,b63YAmZg8kXXUOWthsf-uE0sBS8YRx72ddx4xXDia58Xl_87WK9ChaFXsOqiMJdi14UPo5VZfBnobg
,,1420,I,151,122,rMGripN6E1II85RK-V6dbjkKYl6lFGM2HKAVTj6LJm-qi6KmOr-PQx7YgqHoD0iMbPET4eXji4tZKw
,,1420,I,138,103,HyAynkxBq1ziDaqxWiM6jRjilR5E_bfRCc48DApXsj3jb1s9UZEOD1jlUVZ2mvhog1NQX24YQ1pJvA
,,1418,I,166,129,tBUFqWe9SGADgGvMw4SR8Pf1f6wa5EhYBtAx_JwPR0zrUNbQByhfADbPVnY5cJt_bE35T8YBDIszNQ
,,1411,I,183,141,fNCXRLTMx2EgpnMSEpINIKYl1JusDwli1mALUDL1X5nNYdZuRaITCePnv6aWBfOXSN64MEIWC-8ZIA
,,1395,I,119,93,ZiXIGhioeZ5ucBwc_E5je1u7Ud90dmkFjP5TQS66mimMzksAgjjAzcncrd--4G3oCOUg9Q_dSShr7w
,,1393,I,161,105,zsakbcjwPH8lGvp_CSpTd6xpgwklBy3Prb-zNWuqI0zEy2QYB17_SmKo3aU32gh2R8XDp6-XmAef8A
,,1371,I,125,92,fDQJcEHIBkUeKuCOWRv2QRj_Jfv6eTPUueGqfnJADtSKaXbWLwmROrMPirVly5bdoae67QCcn3NF8g
,,1368,I,160,128,7L30WUusKLF3-XOYrRLUUqkksmZrso0qmyvWALhgxYOglW6CuKsTLopI-tk6kDOLiSOzA9RFHCvSTw
,,1362,I,104,89,HrWUwIcl_e-z_k8kJvSCOuIKUIn_jrlGHHQl8CW3sJ2LONRNWOGklq7RNZZ2vxyuCLiCwiFhmMsIbg
,,1348,I,134,96,o67rrKwOQwDtW2MrolD-VEPI4jtdnyQlAT6VkCpZSH2LhzJer61264ooK54FOwMMtz6iKaxULi8qcQ
,,1344,I,193,160,vSD_IaYDpaLmk1JtT5nzOpULQ2i00PZQNfrBzJlyi16hDcFHO0jyxITG7BXmkc9J80CgzsCzayUA8g
,,1338,I,99,64,RGitUQTTiYVEdLzJEQUSVWOb8qY7yG_-mMutQIki106VHdzGmSYNjM_UxMcSKVDEYlr9zwaancu1mQ
,,1336,I,168,122,PDbL6yby1NIgokb_YfvgVeE88QOJgxihGov7d_jspyrihsuHg30xAsEN0n6kljnN5sT6BoznFaNVQA
,,1336,I,100,41,C35ILChKQoqPAKzgZ8JfQ_NP8kMfleX95x5Y7c5NxFAk4izTYTnRbk2DZ5_Xyt6QQKhJHOLckeh5-A
,,1334,I,114,64,1AN8mYSi4dshjD16kZvToENbmiBywG584JQUXAhk8Foi--FIVLopq1zLazeBQVUDfBk44vrZ4P0JjA
,,1329,I,145,92,vOaet8K8GjxS5IHuGdmbeCvXAVkqmp2696yqn5946D5fch28pAaWfGk6PVmk3Gvbkf8qF76oz0W_hw
,,1326,I,163,143,OjTvnnGO8yDoTLbnfrLcF7mXyRWfg_gOH3AwCn-NQ_PBz4Fys5es6Go2Q8zer7T9MowRASPMttBPhA
,,1326,I,113,90,16_dXI__wKf6kZxt6NTlT6vuBLa0vPWi9PqKgbKp71ZkfLbx4hEIKidcdOVKTlmXDPq0AeNLB1layg
,,1315,I,107,84,2lh8sWj7FRMx7-_33Xih2aC59BP7OSeS1lKb-sZhoiUCVOpX2b1NU1gSAH7xBRXNotFXj0pilheyog
,,1302,I,176,134,Pz7kyZZ3PTceKX4RqkP9WmT_Gkrq7sULZD46nbDhelp1VGguQY3ZDKCANcxZX43vI9oj0zyAua3vEw
,,1301,I,193,146,DNPigfd-LoH8OiU1cSZf8Od8bZyYW2h1ZYC_1C2WKugkjGZdNv87mWsjChtKqWfpb-UeCjBIMlthuA
,,1300,I,213,163,55cf-y-E4n9Ei5FXlL_e_kx-bw7Vq4FO9arrpe0BG3DknKD626jTsP4L4rVdEYjA6h0Sl9tafeylpA
,,1300,I,76,24,kFOOabv6ZZ514NkrGeCrcdRj-OK2qB0E8zBlesbyojDAO5AwQtQ6fWvbkhoDmsu4D77E_P22xJD_Tg
,,1289,I,97,61,1i9qyO-CeVlPCN9DFGP3_ofV0DJSLWGoo-SwhyrxNvfh8PUsZPKT5ba8ix5VxgGx96TrtcVdyHIrjw
,,1288,I,151,119,YxXI1l4id4-HyWZXWNa1Cq3NgpRIPRf1dGgBagtX-30ZnkwqQYUQDSjbYpcTe9Ua2XC7J6mECkoyAQ
,,1287,I,80,39,xNYrX9Qu4HyZR_GFnqh4HNhgiS57Siab5qzyuhFdxmk9Zr6YxuH0X0ZJM2LQwQOQZNcByoqDltd9ww
,,1274,I,162,127,vzU_uH4MbophYpwXVJqZ7giBKzk9Tivt1HW5wMM3tyGnNQw9nPRHWkLOsl4a3ufkjyefxwN0dkC5Qw
,,1270,I,139,86,bpNbAE_EZClf2HkQ9ghVhHfbeGqWPQblmHSEqdhUR_TGufJ07ybGK6EHCnjup-P-6QFDfeBozkMJAw
,,1269,I,204,175,LXwBMqfkoAhxD3Eviz-4ZSn3jLGv_WuHWoJXCPPd-c0lKsEcVZJ_hfCYO0eei7VRT9DZFx7As3vE5w
,,1267,I,108,75,naz2IhUoQr7zEA71rcxvFzGQIkQ3xVfQUMtDNIur_9f2MK_PArGymTkV2hNvGsMs-MzcUOa5nZOIZg
,,1266,I,174,145,2VAcohGxKrpOuMcQ8hisYFZjYLL-2N1lSvSbl8BhtQv0jyx-BSAJu8RBdQEp0sPmQGNTZxbq48Eg8Q
,,1255,I,143,82,IUfSsGZk0_wrNfNtq-8YGylHgdaTr5D_TFA3RrdeaI7jN-v4xCMPML4kWp5ZB57_fQ8cwGBLFcKJOA
,,1252,I,149,91,Ko57KRVf9AAFvKMLheosjQJhZXjK1RST8S5VqS8WwY8BDgb3Bt7A2eraH8q078adtXllskU_E1LRAA
,,1252,I,144,121,54gijLkGJoUYbmI1_JsUlog-A1s16CQyHzr26vQAuhiXZmdya1XYX_sqbAeu-7OChX6Jbh_QB6Vj9g
,,1251,I,80,34,jKFiZQ_9-IMHMc1e8AYEz-YgQ2OpUnyBK70EGsQjP8dZ3oPzSVkYeOydvyvny2nUnGKKA8hiv0Q8yg
,,1247,I,100,68,VQqsnmigs8w56C9BCKUd-oBPoJU1NHngpt5pjc4gYYAAmicXIeoPyjfx3g0N_d8QYU0K0KrmCNWddA
,,1235,I,162,134,0cJA_oEeLbT8URTqfTKoAOr_N-eqhQ8a6oW62rcsN6aLTAZLwdhMwFMgTsEQlRspP3RFyGDCFgLzCg
,,1232,I,104,68,e9WkthdEB8Ch_xsimk0ivd8-TTBwTpTMYiSz0LWXy47WCXraq6-iJgkPvuL6N763voWRHH21lFNMbg
,,1231,I,141,78,8wYt3o3h63ZlO8JJSodp4YEd0Ob781UNaEjrnkMwXp0I_m3m2O-AMXdLnQ5QuZHLsXAZ4K4GKO7_5g
,,1226,I,161,110,bu_LAbAHTQmjWtJrj85BoPgvZa5oEcCTbyB2T-HLDwj_4M2NrCIiin-4Mo0VgP7FfcW3lpTI8iwGzQ
,,1224,I,85,39,tgi1JrfPlP5FMJCw6Eyr83Z1UOqXXjF_rxPvUwwShT3ynhwUTMC1Vuo7Bv6zlVAHP7loSHcDMjHtHw
,,1222,I,149,124,IOdrpNUxNsfQASriOEq65K5bvQ7ozudz-C45w9-B1-mhKJ29ErBl-E2Qh9gNPwBVafpoPOXpzeaiyw
,,1221,I,115,90,GTDQnU6DRe-3SetKUe75uoq7hjkaBK_LFx2XQTtBQwFt0pWpeMdkSydR7QEl-f3K_x2B0vxwQCFWEQ
,,1218,I,155,79,NR2rHV89qusQV60itbELJjRBFI3r3wbc0d1LcrLMlNJtrgtaEa9E1iMrqjRtcsATCpTETOHooDb6rw
,,1216,I,132,100,a4dI82jcHoDAOpCI3lJJuXGm9I74Iacla4XaL4IocOYmlsJkGM0aoDsNgGNfsdi_ddFtvrDx93u26w
,,1211,I,97,85,X0ocH_vx4EcE6SbXOr1Ic2waFKqBtDtofyMr-SQ42pfhlvlZz67q6S4ficlnoE2LCAeIpjjuvUBgFA
,,1208,I,144,115,wsxFJFR9yiI4b1KdPMBShK_uQ7RmfjUE9c2hg8uXLxku1ngAw1VoGVr8u7SRADkjsc-_794B8rRJmg
,,1208,I,117,71,5PHErKTGUx5dvOcQH2XdptNmgxx0XlMQkeRi2nkETBrIc7f9tyGPtGdNYsQ77Vhbul5B91hQVchXWg
,,1204,I,218,168,e9MKqWqh3IfhCwHJjqn1eZG9j7gSrzXITziXqio7himJamCEgAaJBBOXd1LQvlzKgypPljay9-wG2w
,,1197,I,147,89,h1pAepiCO8mAMKW-xAh7pi7H4zV7FR1B6O7MCZwyjIeENazvJakMMUKbkB4JNTxS3vNyTEBzKzBPKA
,,1194,I,147,132,WF8xvMGq7LsOzUEv8FpGb2Ckk-0eiyr92CoLJCUJS0VD_uqYSchb6O4g7B4m8bIQEJGMjyBn93a3BA
,,1187,I,147,121,XaDMKGok31Sl76jDFJ43B_PykVwZ1LKPdeoJqmWnfa9gNmT9ypX8WpD8yQ56cUFOXX86o9b1jw7Xcg
,,1187,I,76,29,r8elOMAF2k3wgxbh5vhrjmRN0N2UjsyvJPVS8KZRjVoDVScFd-5RwXkfaJUF8mkqUnQkwS3YobW_CQ
,,1177,I,112,88,fvt7LZ14VLDekIiqMDNsC4xGLBJYuSclzwpWJFzzOw3488T1v87GDTMYtUOIGLlaC2HnzxtX0Or-Dg
,,1171,I,192,150,LOd3k3BvtXWkVNuSWELZJHcQKXo1g3BETuSgsi9Hbgrk-KHXXIZTu1ZW95inHS-5I1Pn9ZdFQVAVdw
,,1170,I,146,85,drIQR6Qz2esgaBuU8-5CJRzr2TgjcG4ESSxnMqcT6z_74aRd8CjsFvaam1_VcGSmmWD463-mLX4gzA
,,1166,I,238,183,xthd9C-6FtlG-j9SB1oILMoQXgZPvXyksC6zN9tP0hyeRMQWNy41wFD3HN594pHlVRoM2P-WfwrzRw
,,1166,I,142,126,2cQ3iHyDKh9KucXLUnf8sifqeO17f96co0OV9VPeveW9yfWboFeuJwTookLJK82oJqquwzNj2yrNOw
,,1163,I,185,166,Vc_yFcsniPPO9ZekasaLUKq9HJnG1Afiylbdz0D235_NLBZOA3pK3nEI4PvGH7R9xCr3pG0VgQ0rJQ
,,1161,I,96,63,sSNkguymUZpgwHbgQH02AfkqtQ9A6KT_y-VTLwCwTbxSM_OQz-jAP-MBUeK3S5cJGaKcgiV2KjB1Jg
,,1160,I,152,134,3907JN28ROXeikT9_TPGrA82PtrOBWIQOBap9kdwI_V6lp8fvKbiKvr8m4_quhhLv5cicXOvtdkKpg
,,1160,I,98,68,IAa9Ft2ELRvguZErTpRfCX4fcQnmOdAyya9PYDLSfB9AEG8o0gET6A2Yhp_L9Pc53GVQJEG5KaOu9A
,,1156,I,94,65,fypEpiOXWNGZKSzj4Ksxx5WPSVWf6RfJkswV7uxkVRJ8CU8uYnGd-Y69JkjMwwBMAhP1H2E_3q_Hkw
,,1155,I,91,30,kYTlzBQGnQgYEjT9rArt32dhGgYd2iURrD8HQGZpdkqoCTnW6FuNqmy_9SEwDuQMeQs67lBpC5Ot4Q
,,1153,I,129,98,hHzfTZmkIlGUIikCDbdk846Ji36kkbOOyJVsJi-z9DkFlPGFEZG5wUV9aLvh-ANSJtp25xeNpFFk4w
,,1150,I,133,109,yoxfZmpIZLi1rEQ5cjl87NTNca9X65rF-S7q8Au6_lwBl7-dGS7V0Mh0qoGMTg2aJlhpW7IH445IUA
,,1148,I,91,81,5M0QNcv9f2OiEVg7o7f4tQnyPIbQ9PhTV-7R7xfal0Di2aHBgY32ydRZDkU1niv6WiJF7kLCI7-nww
,,1147,I,148,116,E4yzfbhvyubdR6OTNzVvygFh2_pKBga-CWEmVoQ5AXEihra9X_psTHz_QNeGkLiFY6V5GHB6xvFzlw
,,1147,I,143,116,wDMD8ZMadmXWmNCZ4HhdCOO2VpXfixHpF-lsK2uyCB3q5Ka9RDhpcufEg1VJS9gSwrS2ko3Loju5Vw
,,1139,I,82,56,u51kxXBOGX5n5w8LdfiNZfQwwJ2GhzsCxzbNVtm6UpQixPkDTurPc8XTw_MMhql37pHA4M1XSZxqow
,,1136,I,270,224,kWz5IhZq9OU_w5YDKuYsLzpbGACUvrb6FPZjzeAbvvcn79bPq1nA14b09iQ3ESiw-MpvQB82T83_Sw
,,1133,I,116,99,f0EvimLTEBqAiR4MQ6f0w6qrbjv7__4nrVSkgQVHUcGBfnWZ4b12bj0GZfB_7fOQYQbmY6rIoOYNEw
,,1132,I,209,155,qExj6jTasESIyHa3qjiBcUpJCD1DPFJmmsJx3miLnje1evU_QaBbZhb747sQ6lUdWmuj5MNmnC2fVg
,,1131,I,208,182,MXlrwk-prQQZO0B051Ik5exWL7mP0SSg2M8p7RWBIiYtAukD5HMjYc_NKKL0oJcOML2UcKGHp6nBKg
,,1131,I,108,86,6BLnB3sF7pLCQLBZFaeBf1Fz_8pYNzhPDylnf-jDRQPb4j4Svsv7gXYYMCN5GqmptiV8TOLBb9bICw
,,1130,I,251,193,x1hR-qp1zXWQZzorvV6Up79_u2MGz5Py7R68h5GSrU4uqpdnM29X7kHAUXSKwOzHQFeVLr30hVXUHg
,,1130,I,76,51,wAQg9nvwlXFmJDU3XhSSOuPJ76Xj03_PFk9nWP28xSiOWv3aIDpilMarTsv4ZiKx_rZaeeyRLNR2oA
,,1127,I,143,116,tSODiCimy-i4ApU5D_mFvEtZL-s3ASg-ATiMwvisFmAIHJpRRmAgt9t0vZTbzIFnWA6GyyCGV9Va5Q
,,1127,I,125,112,omrfheO4sVED90GKgIvWJNvDhs9VPRhXnVTGsKcWIEyRbxSDL_mrWiskdmzZ5p28Jtz6DFv0Y4WryA
,,1121,I,119,54,amwDQ5FrG9oKCvCaVot5jtQ4Wxb-Ju73AgcClB-arjAyRbCEvXk2e5X2T5N74OXXLJ51yyuLjIufIQ
,,1121,I,76,49,nIrnC4ZzTp1zrEyXQhcCX84dn_QYRhUI8lLukePbDpps_80PdOgTGGeRhupN0GiXWWR9bc0JDAxc3Q
,,1118,I,144,129,zrtzGiGl16HdvcK5qrfTtak-VO33Wae4wRYIguspcn9IjoJfmp5THbqdhyly8FA7nnG5WuqVvEDYJQ
,,1117,I,171,145,uCJurRjd9r7d1dAZv_8meNvXYsquuqUTkz0TpPcoOhXijIjdDq9ARes_UQxTGS35FmWKgM9zhPrSFQ
,,1117,I,131,102,Jn-K63omhLDGpvi0uv75ybRm2QS9B_IrDvkGpQIsXKG_nzdHleTseCyha3qCr39Ly9jr4BF3z0hlUw
,,1116,I,104,82,rQzUzGOYrGjiwNXhLdqEb6K7ETcX1QxXijlS0jXlC6AVvoPTjaLsjVS-wRDqDngqsWDzAqP6xWU7lA
,,1112,I,241,211,TGJ9p3K58F_sCXadvm97T7pgwUdI_xDCdAlxNfggkKcHXXpwkLhgPc1Ogc3zRQ8K6t0-0RxhRo7C7Q
,,1110,I,125,104,7BPAqiZR8XsIxwa_UrScqETrl0SvcAfsLxmxYXZ0prwXvxWF6zRQfnKjti_7lXUg6ckDVyvK-77CaA
,,1109,I,115,88,-4PaefTumoYj0QpIoBn6s67pZPGXE_Di_8wvnaAEzgDMInWBWHJuIAG4PBFYRatoETWJ_2YPejPxSg
,,1108,I,90,77,ahARbtIZVULK2U9YFkqmSDjjIrkcX9ZmfreTCcUUs9hl5-wDVixylQV45q5y6sX1KaQ3Gl3ANaC-1g
,,1106,I,183,149,OBZbFcD25cf5BAnJsOxoj2GPembr-eRMTRKAayqyXvrGpu1oY7P1vFmveqctdL6UTNesWDzv9vPs3A
,,1106,I,74,54,tO-Y4Hd6w4eQeCvsmskiBrA0ItxrcshhW9agH5QMpmy-92gyJlnwLbzeWLhdma8PI7tvcu9nn3XFRg
,,1105,I,127,107,YJAC2Www0u1FXBTyt9OwmaeoU7RbSuOpd9IEe1az65zYbpPeWIqMl-AXIuSzlx48z6MSjzODnhdKog
,,1104,I,173,140,48Sj-6KT1JX5haLvtNqS99NHKDC2XnfNCERS7mslZ5IJAq0AZV0sFH6DXZUnINy3jeHunjvGImqbXg
,,1102,I,94,73,dyyzeoDZk5RcDsGt1WEK5QN3BGuIMcSXWwsniGKd2qqr-h_p9YGw36vfL8AiD6UmlIdURiHfcKMMwg
,,1102,I,92,55,_o3GDez0g08hgm_GdQTtpPUM7pXE2RY95Y22T9dAUlPbFij2MUUdtB_AThsZXU29ZphoLs7Jm6BIig
,,1101,I,120,96,rOOEec9PO7wh1ofTZIIQD6vdS9fPNs6L4Is0PvRbSKki_KMD2t_Vq1zuPJCM5ibpf9KRBCIou7m4hQ
,,1100,I,118,91,p-d8D9ynmu5YrvHtOjqIr_OHsqTEQeKLhRmyx45fQZl9Hh061Fxkp3mNf0L5oyv3JCSb_FmY_3oIJw
,,1099,I,82,54,PLe2AvE9LhXKB8hgcf756j_gqik1xXFUlop9G-Yd2Pb0iGKXRMg745Qrd8XqbFea1w4aB82JhdYZCQ
,,1098,I,106,82,MClfMfkMARP1-Rh_y8XUX2bGMusFAYfUmUTKm8-WGJEiQbvCf138aeWe1Wecn519shrztNcM_US1gA
,,1098,I,94,75,KAlHntLcUY7PywkYeEk4Ysx-cayLTmRvI7-IsodgryUCpBXUHjHqxcEr6Ic4-_SAZVY6CCXLPJlufQ
,,1096,I,142,102,KyV4JMtHjMfPYi0e7lLtgQ2O1brLBCdxs-aXCQIu-hSiubahllTs9QnBpCxLOyYde34tlLhvABPWKA
,,1094,I,108,88,uGWN6E8hQjjNh0GnjPPbjU5JlhHEUVhPvWCYFW8-yBSc9jvdVUt0YPlV-ototxmH6lb2t6sYYSms7Q
,,1093,I,119,114,A25h5mx_G0u5o5dfjZ2hX3F9dfCV7iQPmYfWFMANgDe0wRV_7EQEvLOECDSqw6WcXW4TVqK1On4epQ
,,1093,I,118,95,yvXwyXhQdovQ4F3NsO1tKs7rGqBQP-dZOCuZg2u4iPRSkXwbXb2Iu4ef3EewueyBop35VeryNvFSOQ
,,1093,I,90,66,Re9tIJUPs1S86Ou8tXbMSMICxYq1nh2Bj7FbKsxl7xfOQ-3emjyQN1JObgbi0yi9Izi0vu0dO6kzmw
,,1093,I,78,48,HR1qbjAwkWuZqwYjxH-UhjRssP8Yd5lngkUl16kknr-sp7gCLBhOtKUtxUlHG_jh73M9ANTsUfQhgw
,,1092,I,87,65,VW4NNCilUF5BKhi8mzuYZI1m-Vjm8ZhdJd0GokKQKgXNK-KXR416a7SqUD5VSGtKLqB_tGQ2inId-A
,,1091,I,122,87,8ytnWO_LjuoctN0MEslWrjJphqGo0yRuEB622iy4OYFhII3g1RmzgDrYM4lHP4F1PnNCyzdNrDTXEw
,,1090,I,131,94,H8Eyk35m-pRYhWh-VciSg8lMRZqknmBwOhPC8bWheluhl1HvAWTRwiLzMgC7RKHvlhKsgXmHSfQYWQ
,,1089,I,108,80,2iUh4WGdG6NSYIa9eLUf9StgONxtXBeTvvXCkTi9CT4a6Xlzlc1S-A9-3tQ2d2OV_BryQgESKmSv1g
,,1086,I,149,133,vdUG4apYOKfmy1P7Ut4JaV0nrBhXr72IRJxa-NEdzW9PBt0xia9F-nl7oTVhXUZX6R9tj9mHdFyo5Q
,,1086,I,109,66,p1JAP1BYn_bQLugmN0g0zT4IGcgE2rg57BhMS-i67fROU5neQ-iX7SqSuejPX6_YH6G6dBV0PJXXuA
,,1085,I,80,48,ROOD3mVqKN9FVGDR_SLvC-Wwovzb94KF4-5ktFzgfpDcJjJLpoCtGfupKkDZIrpYvLbxDKsCqX56ww
,,1083,I,107,77,K31KB91SzEvTn1CsvnHuNux1e11eojr8-kJm2ueb-Kp3Td8DViJYQbaucqb8HJUhS_ir99ZldDJx6Q
,,1082,I,109,75,WDNvQ9g_Q0LkXUBN146_41zOrT8EzJl1FDrcr5cBOdergQLP-QjZCN3E9U6IgKfePysF8iNnH3-kKA
,,1082,I,83,61,i1XSGBE0Q2bEC2rWln551-2M0fCNdHRf0mQfl3S9YWGLP3QQl2tKswYtx7I-sAsgtGPQ26R2PgTrig
,,1081,I,108,88,9vscxVRTvTHixgyLo4opsDWzmPiSjAygIvRmfRqzlQoWNvJiqGtmMZmoQD8ZxZjV4L8ubzKyyuJ5Lg
,,1080,I,124,100,A55hSVW2WYN4GDYc8ACwluF-gkmI2tfTVFeY_OpWKTFVrN7jRqJkAuqYyoJTRZ44FHbmY_NOqaiFZg
,,1080,I,113,104,FdByADr3nBOtPgyIjt0yNDQJ1DUgj9DjfDXvuSE5c2kXnohEvUOztseDqRy_cHOHwd422FFVd0hYng
,,1077,I,146,109,CO009Dqjd3eyGZrH6VHzyOskf9Qkv6q3990u95vs8zcl4nSF-l5_EtR2L0k1vAjOXQBQruG3ZAqyUQ
,,1077,I,113,99,pUDLiB0wO9XHi2SzIvtDaH153o-2xQJG444oIQ6bwr7OwH5VyUScam-pkKjbWc6WNKqP4wMO-axBCA
,,1076,I,139,125,lf4fOx4e6qTmofCy5LT70kwjWWpf62LHyxTtiE7o5902jUmnVXtlHfsdMrCs9notLGhQkIGjm7KCZA
,,1076,I,117,102,h0BFRZOrbNjS0tAT_tABhSXalR6EseyHkE5vN5xzP3A8mhh4nepFd817EA7fdYH6Flj9bFVUlV8RRg
,,1076,I,89,39,vHNSwyPKF4WEwj_ruCMDy5bFfT1eBx4tjhtObmvMrw-W2kALVQzeH7yzpPGDhWsTbc6pfb48JP-FoA
,,1075,I,159,127,UivNwG7gzp5i6g5X4zfCGDeJ007ic3tBP9oGdgwAqzOqAo9FZAZ3tAfS1Uld_3JKcdGJqXkbq_oz7A
,,1075,I,135,92,5xlwa1rFmd78W4vpLXgIQqENO1jKQm4vBJD21tJLXpIHa_T4P5kzMqnVkU2WMebfA1rkZHQe5lR_Ew
,,1074,I,109,78,EcLiBMTMfFDo9o840ZC8w6EFs4XQIawA5qNW6Ac5MRv7flIKZaG5_xKphKecpLgPP-2f1Mx7_9wEKw
,,1074,I,82,47,qJ-TeTM6X2VnCO_PtcfGWjPHTST03NGwwYzirbiKykubznw73YJN6qnwL2CTYPWT6oiLX5UhnHe4Gg
,,1073,I,65,19,Q8nCZH8zk0j01UQ9uXQ5Q28iDDa0IVe_P7yPdAMjMNStoEEyzWqNvwLIcIZU7BH4ZpnWSRGYdxg9rg
,,1072,I,88,73,ubDsdmYhaAAaZXa2Iw3KQJ5uFtlHhO1cX1mM89r7JFUtT7VgokUeNcnY1N8FNb3VhK7xwCoMCZMpCw
,,1071,I,159,114,niK62W0OYi-Rq6sso9HzuY2CF4Fbl52HMxUZpPV-7d_dlwpFIBs8QfNcAEICKiwtSNiGfruCwiFqvg
,,1071,I,90,56,GDwnmGCcZJBRpLtr02-YzljLCY5JbTifGBTddGqx8tCMIC2P9P7BrRpApaVrdPRKr8foneSmIaDoEw
,,1068,I,130,119,S--lbok6jmM_XoZdIaL5e6CG445WRtU27bsHUTse1lLQLODpUwRgmxHqZOmYBCczdEnva4nhkYMw7g
,,1067,I,85,53,32BJufemipL22iteiPzjgDVBFBob8l250dpvPwc_tjZIPPrjwMU_4FEC_mHqfUtO4MUkO82CwASuwg
,,1066,I,227,179,izXsOveT-tQ6EdAvqr6xb9Fq43XDxJHhiwvMv0Td6fyEUuk6FVS1GUfgArDcniW8SFhCIHV-ncSslA
,,1066,I,139,128,l83OIBhGU2qsdi5bFWu3meAmOUO51qXsz1vzAI_me-tmXkQ8zvKLaJ_3pf5oAqXcc0wxENfDzwRhAA
,,1065,I,91,74,qWnBkzjjdU08ZsTd7_id-ovQE0nXgy5AKuU46-BO7AhkM80VXnEk5Xpfk5JY0p9uG92oF8m6YjgsXA
,,1063,I,128,107,EXJPnk-_x_yMV70DqIUGy-3e2Z7txmAObsS3B6FzuMSgLWnPibvIEgomJRrEpS6Epu6_345Gi8WJ3Q
,,1063,I,75,48,I2bgP1okAddsNZfMVbntmQ8LHtvfy5XR_LJ9En2ETiyYLikK5QQT1pQi1EEZYMGANC4QVhiz5GnInA
,,1062,I,228,185,NAbj9g2w0-UoJvtzouZBrAXsZc0pzQXy680aArCx3IfNpDmWa_JV_iUsRta0TksysgT57kWn_BWyAQ
,,1062,I,104,63,SfxOfFSOVc3ww5Oa6tv93XrH5_VAszXPELqQbHPW7Z6t0a0DFojCx_2XsZbXjTMVWZM49nEaWhaKbQ
,,1061,I,112,82,k5MT4K-wJH4W4kEGCM8hMZvN8dOMtm9Z2zEC6rYQ3QxuVBey2gZsIc8IcD8LBPUwF5UQ5ewzeSao9A
,,1060,I,152,128,9g-7qid0hzPDk-T4XmGtxp9U_h0Bw6qFinbg1jrrD4pLwwCIMnn_WMS9SDh45lyDirDndpZEdh79Lg
,,1058,I,171,159,0Eym5pA2jT_-0jO1sVcAj99jSCmNL5AP9RpC7IhTDWgm-ly8wYk42dCmu-c4uDtGP6A6_ZseiiLx3Q
,,1058,I,96,67,Zy3UXO2ZhR1zqhyjSfCbjSYrPFet4yZgj_ism6-EOcKpP6yeogAcSpCyoO4RDb10CD97HWgC6QTctg
,,1058,I,92,78,2ZHP0cCXmMcJ0julC7ZBNvYTTkeBBwstVazn8UZrTfOMXGZX2IZHyJsZKBXDxyrlTWS0O6SFMZGRvw
,,1056,I,81,13,WnK8J1f7lTQ3Op00rDg919FxmFXI2CfBLOWUaY7SKaUbIqrMS9TGJMo1qRmE0ToO3Tz6VEc1W6hEMQ
,,1055,I,126,98,53pAh_2trHU4T1R6H1empLj85OvS2-RT8qzQrEUb59KP1WDLBkWewRFSwWljDecbsDcojsDu7pLY9g
,,1054,I,219,185,Z0YeTsK2Kbo08S9vEVAM6BGXV225jPDgrpPcVxTpIVt33GKgtKhtdqkV81bcNJbOjTco7suR1U0jpw
,,1054,I,101,72,PMcKDxiEVA-RGgNhe4oyRG68a5rEW_kDHZN0d16g4trwLd8FDo1lfLf7oNVcmKcHXxoUWBq7YYxndg
,,1053,I,99,79,PcgSYWroPBM3Rr_BJC8ioItjDXB0e-PrHYvH9bw4T-q5LvCMcNV1b0p7dDPShgFt7mLzFFxldFWlTw
,,1051,I,115,91,ep9T_U96dHYoEIOZ24c7bq0Rf7-0oY2PNBwiTBfopGnV7LqNvTOuOEoVWJe-2bCnSHYDgenzl-_Vpw
,,1050,I,136,109,UkX5mFAooIxumTeaOhnhppnnovrG-AwteZMTR9W-GxZnmW7ogbxmKy2o38M9gzhgOiztR3HKnioQWg
,,1050,I,134,94,NYpXtCxzKbxWyE8woALkr3YBZ_dRdF846vy8gqbtYjLIJk-oTQeBX6yA0yjHAzL8DqvtQ066bG1iww
,,1042,I,136,106,xiqLYs8uAqjmtLKTk5YJfhyobsf7XtvnOTp-9BtUmKy3ec5s1MZbvjxTw5O6vqmOqAI8uIFpLWPR-A
,,1040,I,157,138,zE0giVPOthhopypLzD-7VCiqub_6wIQxcHjADnFcFyfeDYUpgpXSLaqPtDMj0XlakJZbSMbkCoyvqA
,,1040,I,145,92,9M2onDop6rivEFzODE_73hmME-epESUsS4xSnXnsdBd-UGjAvgU75p4tcspOEhKt9OGYFgiYRVxsyg
,,1040,I,96,52,HRBraAalh5lILS6f3XDFxm-8SrQ9du9mBg616O907WjfzIEQZAMmios0FROXfkKRBf2kYLRfyAhVew
,,1036,I,88,84,0NCBQMG7SkuDVJaM3h3Ia2F6gljl2W60nxyAsC_fJdtjT6-sZfTDBIN2oB-f4yv7FOncOJjYMF5BOw
,,1034,I,201,176,WrUyxW8euPbuggrQhPDFJuwGeX9s_ccFOLNeEEgq3VxLtVpjZWmAlpC25Aji44zVeN2-leeu-DC61w
,,1032,I,138,118,RjVA8-Bg54afpMRF_dKwqAVD9fWmSgRZ5-VYC_-MoYvM95O5E-HTnrRPKOKeIZH1SqMZmg89bMcOvw
,,1031,I,79,49,F6Dtkhs1yne7b5JcX3V9ZgxsipdkGJvAO-Yc8Qb6p3mC98-WEFYaEQ5o_W9lZ2OGFAKGDxChqxmA2g
,,1030,I,81,52,v0iArk1Q3VqWbqzoLO8m-zX1GDkiVMO9RjaSmGmXu0kZ2NX5VsjZm2rvfyJ_XOykqNTSRxzzggcIvQ
,,1029,I,123,102,md1d5IIu6k6V1usHiNWOI9h88x-4R7PNuNDTRapjj5HedTdTtiJWtCalo2ZQ66yoUfwO9hyNxfl_AQ
,,1029,I,73,48,lAzXeUBxP4KUEnQkkSOHiVDtQL494D4saUTnal1dyyfcT7WOV8Ec7wquqgYO5Mxqeyj_iTTWpcQPKA
,,1028,I,112,99,ngSzA5JUZnO6_6cUBd4Bgi-8F9A0KcIJhmIM6iyyOe9KULUY-f4DRaFxVwww9m-f3FBzvinnVdqwBg
,,1027,I,138,131,1xU6XFfdYSHvE23AevCFya7wAkzFYE-Jh9NUJHk0-kY2cVv_5ONasaZAC_xnBvv4SYtZFRWE558dvA
,,1025,I,241,184,BG377rQnzDpesCv9J8-p6YyqfISIrg_rUExVSfiT05qF_AVWB2b4yZqcLARwlzvimZ1NTTvn0m8caw
,,1025,I,190,164,8mVVL8fjVaDyIHeqptyYREmw0b7eHXUFjGIGcz6PTTfPQqSm4ATFw6xHEkqmWEWUBvqjGewpSfLS3A
,,1025,I,102,69,8xxLY4rHqcYemSt9I06c16wVfrw5e4d0x-vKX2Itt9ytxm3k8LHMWfClbOVIfIN2FfMMOSrb2H_9ug
,,1025,I,100,74,CSSo4vODuyzV6vaH8RQLOamJNkW9SJAEZbPFEUoaEfCCuYgklwqLSExhwgXeHuXxQAA2bZWvVn9dpQ
,,1024,I,160,146,Gm1TXDIoZ50cNzMR_t7aPXURxGVY9ONYyFSIuWwuFJVHWWec2UTLdtySKU2UB33rA91GpwMKYEn9iA
,,1023,I,185,115,e0Nc7GbqAD3rHdhmn_DeiE28ZpsJFJklcToNa1MCJiRDaEmKPXKMq0yMmjMtrAOKS6PHBWSh2TbY8Q
,,1022,I,114,85,tW--od0kM_55-0lzH7axx6HAjmUfIE1s5APZRv0JqTof0TnvdWOqod-CkQU31uJDPxzZzmfWqzbLPw
,,1022,I,99,61,Yx3lngoKSND4dsVtvYihW-3UZn_hu9LVvxx6ikkj40WR5Nyv8aMRo-3OghB_Jk0vTqr5Lck50Yq_cg
,,1021,I,83,47,j8JQ5bomb4MQ67FlDwwi6kkYiKsnSGwOTwpYsO3WP-8yHvDd0Nw6-Odg41xyMNb1ZSsTEi3tlr_Utg
,,1019,I,89,71,L78dmjU_PWAZVD-0mRha8QhJP67L9knt5wWzDof3tO-1Ptl2qUmNnSzHB_0XkkuoUYlqzXdsWxOQSw
,,1018,I,142,103,JIQp_NJ26nhnfOS16Cn-ESEXMrdb6zHj0ve8WP99t8VkDK6dy7lz8LRzmWCQ_aY9gnytpxoU8qfbpw
,,1018,I,69,50,iRjpDMljBBiU-KtqhL7z4RJ2HAA9j3ymzSfatwVzNfh02K4wW97FUw8QQ8DIMskpiB_swMgYwkL4TA
,,1017,I,195,165,PBTtP_iGNv-tOxJuf8dEfeomHkKedl3you4skispQHz6KdoO_rJ8ZiyaP_JEoNHOv34jo1-xUo_ZFQ
,,1017,I,182,156,q3SOfmmBLmzQAnT_xr6lya7_Ot_g-dc5Q2OwH0nePTj8ugF03jP4vVzc5pLal34AvjuLnEyPoR6blQ
,,1017,I,175,139,yB-NnN9XFW39_lXbj_z3TLMfnt3rN871Ogk_mVS2Ke7v8DGX8Haz7ZzBH5mE4f09gASt7wU2rYGQ_A
,,1017,I,168,109,zEsYs0jkMUbL-TEZnsOpeZ1bO3IMakUbzIGyAKEE4BGAWtvUFXDqXyKlaRl_fVTKAgQi57cKyJ5s1Q
,,1017,I,135,106,wEbTdODLdZpJZK4KZ-VAUOfDqqGGQKX_4E2AVE2ka_6B3uyMaogROWvkRqWYyoB5w06BAoIzesqH4Q
,,1017,I,114,88,vITObAcCxVHzpzC5w4B4x13Y4ciSE1GRjAj3OwBzHd_u53fQ6Iuo2zyG1IjtrN22lwN1qQoTBEdUqg
,,1017,I,95,59,RxZCFh6F27f_hUuAtTDSwXWzMhNIuv8NwfkWJZelU62ga12biZCPZmSnqnH6SoJUw_wNKWBz9JLphw
,,1016,I,168,139,_-aeVlLjNlvMpG86ujKycsUxwwQyoskH_Z0XHDdU4MgyiOntYpeQoN5_DIBHCtSuyJtab5zpTJ82dw
,,1015,I,100,63,PVz9XusOO4QYYcdJ_s2g9kky_gL9w7nxdHv4wTDvgdMo-LdawvQ6u44blDHwABVHQEFX_BvgKZWTWQ
,,1012,I,105,70,_-SLTajN7EyHq6CIlcbUG6HGYk62JOeOfCtDpMIrDHCehtPoy6MnFIZqWZ5RNuRBVxM-ZVyBj-OEDg
,,1012,I,101,79,mLpfqD-wfVraIxE98owvMCJ4IIU_CriFf59eP6N_5rhVU9FSwOoTX4N61DpwrikC4uWHL3FnCrrAiw
,,1011,I,80,55,7sIhoM9cdTDDPejKpj9xU-Yhk3_Dk0sRZTN45l6xoJ_QMF-0OmSMa08r-mKMpaA-_ysKpfHaJTk5yQ
,,1010,I,57,18,ItLoYnt105IwkXokTh83_SrYOvQcZb4wqy_2Yeisducs-4pGDtuw17wtJNgT77RdEUENxX_poII8sg
,,1009,I,169,146,Y5XDD9hfpnZshOI-bUjhJxO94HuSDIL6_-qHpL_E7u2Nnhcc_H9fShaqwup9QuULUS1jc7nl8KBLAA
,,1007,I,133,100,vAc0F5GEaFWc6U4RACzDoyVRwpkVyraDFyDCfIEzre87EkQN7k4rRduu2tI0MPFD1uh2RD2OZdJsuw
,,1007,I,97,85,AY5j1NwPumS8xUP-51ngG3MQwIOxoq9dHPptSc-l0iqyJp_n0TASRB8saXJCkCH6ExS4DQ7n0fiO9g
,,1005,I,160,144,iUqOkuod7HnDy8sGPXbBWk0WCrECAxATLfZKN5JTN2illk2JkSjVShshrcJE6R1yDxYuo0Hqs4F4Jw
,,1005,I,117,75,CEhX7s2MujDbW2Vfmh0C6M99eAWIJeKbQCbp8b2olY7mG-u4aUvK4g_CQifL84Dg7a0g_O-TCXnsbg
,,1005,I,111,85,dK4a8fwAz9pjhg9D9vu4XxTZ9Fycm5kVhsSPJpScYclgRgVt4fypzSsD_hCVdSnrrwUg8FBYQhwJWg
,,1005,I,74,49,qAeP81WahlHhw0Wqf8j52FuDgTcbzvBe6ZHmryXMip_vZRQduuwWlur2kGYeEG02khMjPHFhRSPFSQ
,,1003,I,72,43,6WU-MCJVB5wK247yHdVmoyId6QiNv--BEsZaF5y9LvDO0wpuEw9vPJRBD5tAs2zK7QQcftKnt_NXYw
,,1002,I,136,98,0HnbFBTZonzXVC9bNBO1THBPUVV3xGtZtzbHR2NZQkPlYEJp9KAw5jDy-KplNzXN-d_AEdzgWtewvA
,,1002,I,68,46,kPX14m8HYmgeCif8R5xvaq6bL-9StMRWpyUE0wPOhL8z6WEBiFFZ9G_hFpuWl8UWKsSmFq5xOt04yg
,,1001,I,100,58,7spGSqiQBJdHp_YUKILsPWM-c-Wvg2vKY5RfqoZD9TkDPDXHTMCsTasfnoTCi4zNOGjWDD61p-QL0Q
,,1000,I,151,121,bVYT5cVkyRbtZcmg5mbfaPLLT1YQrKoVCZVrpCgjMhwM-oerTjKzmJiHYvxfICpbWQKg6Z-M9kamTA
,,1000,I,117,91,ic7L4rdteeD7DUsO5BPdQhfrHr_cKLNtbHx7Ha2cylt_iQ2NqWhf2U0XA6zRxe425OqIhlrL29EqFQ
,,999,I,222,119,kkYZFMlNxxZLx9pAALsvfAm1T_-7WmDADtBT6wHYknsSzBO4BYe9ZQBUxVKlww84dKJ2r1Bun1TnmQ
,,999,I,153,130,ZToQLfGrXqt9s87zl0elF7Np_xwQQSHXdfQbhXeM0IK69325YR8fuDd3dskLnz0sZ8veZbRfh0KKnQ
,,997,I,74,43,gKqXnNJQ-jA0TiQEMw-tCZhqQcrLEQgJIbFqtDukKmd3QGodlMVFF5pb1e8gYg73bVyIwiImVzv4kQ
,,995,I,196,165,uPeSN1_EhiwU6mGaGf5pW6YBhrdwrhbJh2xM9omGZ0OBfjYgkJYOgVL8NCdGuRjrzY2WptFvGfv2dw
,,995,I,134,119,z499m0uFRhO1vRENtBZYzl_43DsV0IS5Zhzq9_85m272XaIXMXMko9TKwYEf8ZR_qKhHULTSYDeLfg
,,995,I,110,91,wk7LpXT0jFGE-WgJcHylXlvJPTfRR92bz_C8VO1CIvZ33k1sL7R0TykonNR8UZcjsrov9_YIyKU3ww
,,994,I,112,70,nSjY2zkOTZ09z_SlyedztPxy87NC9JWIuOWK-Fu37TtPgpNILy0ZTiCUNq7vdQeMv3zrUk2s94p0XQ
,,992,I,127,122,iydIN2qaiRSLgg0R0VKsxxE4XQB5ImA5q7tToLhG9v61JlMagksctUz8AzUXUL7jp5-ksmQXojMuKw
,,992,I,94,87,4IN-0b0KHTXp2m6a-KjMt_StEpDqH3D0DYEzBw-KuvGzFlZdlUWvwdf49zl_rVAzUelazJAOowWZ0g
,,990,I,135,83,1R7Lk_BB1T5qKx5xhZ4bNMy_H6iDxxLUoN4-nbRXn09W2uZIgZcwNDZfJUw8TqM5nIshY1nYF1rAHA
,,990,I,100,90,trJwLSfoSpHA71obcImQOUPe9bi1b4hci5WgdPStoSKblJsagAkZ7T7hELouIAOdC6WcbdudMUTLNg
,,990,I,72,50,h7UI1QJGLc5cuLjjWAzf34UPUT5LeFmu7qvQ9sw7DKZHEq62VTIgYdm6L0VMYz5vYcTPEjFwIplUow
,,989,I,94,67,RytvkAdneE_VlL5G_COF5eK22A3eJpNU-1EQWN2IAr3Bz44WWwgo3AYP7lRedvrmR5brH5IwhnK9FA
,,988,I,119,89,2Ta8--Ghkff1WORwLPVsr35gRS6pkKRCbQfpNUlz3LVM3Dxqaffc5xAZnjOFbnSYBDcR3Qb9NACArA
,,986,I,131,27,FcHvoVFDpD-_levS02MejzqvgOdKbgY58oRPz0RywCIM9UVdNMYFnX2kZktCaU6nPn_T0HyQmcoOMQ
,,983,I,116,108,BveiVcFCnMmTSYBRgVnsdgd-CVjivu8jXgZu8_eqLpf3XYHxDinlx2a0akKLd7bF5hcCNMKXZrVLyQ
,,983,I,84,18,F8JBqfPTNMTkI494z8MlY_Vuq1PSbf4h3CdH0Gxz5xqJfFWhcPHkF5ewnhRIApQoG_8RiS_9h2Ij3w
,,982,I,145,123,K2youH-09YAdFSyGR4eZLg8w6Eaa34WT44M9jGvRWSSlDODuELEs8nFZWOOujyQ-MOmDusa_NfMGUg
,,982,I,133,73,iNAjgo7O9o3y1e2PAGuueH5noHGK49rntlL80U77pWXuKX29WuYJ7LJXgCC_A6r_nZJHy7P_s7ULSg
,,981,I,122,89,ZpQ2ETJso5yYqahF_QZqhopsWWwtcPc8sFJ-IEoJ9abIzONsnpNnXeMV_7K9R8MwtSrf-m1tAhhaHw
,,981,I,78,42,p8LM5zLyXK19UUSKdpM7flTfxifFj887x5GMJKfl_eVW_kUbMpYTNXCTAHwLKzWkubek4GI-Rrhypw
,,979,I,174,152,fVF-emeikPK4-kP5IK8Nsvg_Jr_SGzdg5K-i4rOmpySnXhN3ip8njp6XhVw8_UHjKgYLbaRnXzo9Ww
,,979,I,144,122,UjYRSDhtHU8dC8OD1n-70BhJF6bSIR6kDAKSaCDVzREmEGlKnr0Sjq88XN6V-9-VeZlwAc9bTh_tPA
,,979,I,98,69,Dkvpjnhp0OJRH0wX6bFAJeZDixGHBVxlKbAtgcrRy4-n-QY5mx6AQm2dWhamgOS-w7dB8WokRk1cKA
,,977,I,91,68,vRBzAJ6AV_Uu8XGXYE5RY7Biu6iPj_OmygFISLy19ZAyPRMLmsM76BMKDdSVu5uKdKcL7ob4s824IQ
,,974,I,186,142,h-947YfgxOQQyOwxDOg5WD6nbDZ7Vvs9sQZ4p90JSCLy1Xlp-ks-ITrXwng3ACjrUIL3Rct_XSNmcA
,,974,I,97,74,HCa2QhKA5Lc3vQDhcap0IRtYeXEMJx0A6d89fi9WtIg2ERIOFBi5FnAUUaL1c7PpP0OV1B16nHSQxw
,,974,I,76,57,nr3OfJwGEXQasrSqmp8pvVRduUZyucd5mapGDbiQwfDHHJgQtPmBU5XzeDOUKq9Ybf1oVOG1C9DJjg
,,973,I,96,72,vBqX85kWQB95W7D9oNNq-pmuYTmKw5ikefPXwZX4i8RiY8pEKSenrCLti5zPJFINSUUM2EuifKjl2A
,,972,I,192,164,bqXeVPbapvNN2HzqQv4Nru1_AnDX87XNLKYOMb9y0i644ouVrRMmwZCA5e4osb7HsV3YKFwPF5unFA
,,972,I,161,121,JJE7Cv1HZx3zpejRUprBgsFahHKWIZW63uskXEYX_s4E_7uIdvSseEOeKRt4DLXaN5VWTZF7AyVi3Q
,,972,I,94,71,MpEuUguktXPTpupOCkqiFzn6JKEfi1TPXNwjVCJfL6W2VNsbY7KbSHnUTvnhI8-yRRZvldWRWT7XKg
,,971,I,104,80,gx6GVf2hBauibLBGZvE2Ybtk4fgmtW77IUmWsQihAfcTkoSwscKgQXAQ8jIokSX4jhlPHjNDTL-sIg
,,971,I,99,76,NTgQX5lHjJfR1eTUZwd_nvdSXSZcl82Zwfa4vK7fGSR8x0c8Sh03G93IsXyog9mIvM61YI5A_PGRMA
,,968,I,147,122,QFIhrdN4Owyll51ZCfa40Ef1E9nzwUUSn_OlTSeq0IZlq8h2SfVv4IE5sYcny9VCiXEqjlWQmX0wwA
,,966,I,141,110,Q7wzYoR2KE-MnJ06biLwN6ImAfhuz_1ka81jkVbSGSBq_uDN_L_rAs9FOlim8C4K0KHxnw9FMNP0aA
,,962,I,93,55,9TSSGBdz58EsQWvam0Di5RxtFHTEk73b2nLVf9vCJ7s989SzyFQ4M_8rN-sF4DU_wW6PdiKWhtdrvw
,,960,I,155,120,avQbS6iumk_ZgV1EYcrAVueu52RqYMQ6OSPn2-d9XleEogeh7jBRdXbb_LPT-zl70hS2xHll1dk0Iw
,,960,I,106,97,Qm-reaPNatgeaMOtw3iffs8YcWas8oL9cojwK6lHrwuysivDE3nd9gnqi1ZVjpJttWgQuTN0_ZgIGA
,,959,I,108,104,M86HkJb_2cpNd-y6ZCXNRJoHFsDAXv8nF-wXhoPY0Uy9ch1WHleGPGeZUV0qkEXOZ-wPeJo30N3MLQ
,,958,I,163,124,YBVHUkbG13sMr7vybD_1TvGdg75HKBNgYXJ0Pul_onyCCXJZcJjlTX-Sr2WdZQfIPQtq0in7YQFqww
,,957,I,91,67,rSbQiWRMrM9wj0V90w41Xyrpx5BeWPz_1-ylJ1uTsCnO5qa2o3TyH1Kkf0AkKeBEzFVpjuTttGbGqg
,,956,I,108,84,gkSKEKVgUYaDkLFnpBIiKxo19Ta-SfG5h4axLw0wkVIdCpD5ozpRQSRYdNNk0ZaYJqbBva6wAXrQwA
,,954,I,101,95,bG42510xkCC4Zx0o9di3NjNhIWkhxv9y2JARxcH9dCoGBhpCYVMendfydYgrgx6ST7FP-aXtZA85xQ
,,953,I,158,128,v-xt949vrY8yXYrtYkmi-g_lvY5nyJOWTdCVUXho6q96it0XNmT6j2xpxbsCbs-h9v1D6iUlTbWKBw
,,953,I,89,68,OwNal1ew_EY3MWufI3KkaoF3bdBuSOF6jk7NJfupCHq2Uc8sXj5-KyPoS0bEYqNAiO64Xi3nefcepg
,,952,I,175,151,GCNXoHDPD1YGnmqPf1qC1OFJc05OnHQKTPUBvSQ_MGzga0_kiONkiGjupUx8AMS-ro5Khg2HgwROFQ
,,951,I,296,263,Qf5EuVgVB-_TYih7D9aF9pL6NI92IvfdD6c8cBZrFyV2trJ9rwl6dkdhiP1sbbqWsL-x9MXeQjSw4w
,,951,I,127,100,ld5pMWcYcSkhitf5pKRhH7Q_225AK8sAisDd7YFRrNaxN2ZZvgUZOLYu_O5mT0xS6E05H_uDcQ4tng
,,949,I,122,105,qLfwwew0AU5p6BCS6UGGvCUe1ekkWyphZJXNKdHT7BeoziKET8zGITYSQsXxelntnjSWxFvJprUUPg
,,949,I,101,75,ekzAHcQIDqS4edXRBZFrslFLyehKepuDLUeFoKizalEjIz119IPNL3nAfXQhuBzaXtBy-yEjwrLPHQ
,,949,I,85,70,qVJ4qKkskXU4OjSlKJyfDXHepcDrBwk6QFgpqLoipnDSvtOfIProwwnNTZ493KYqONb0Ec6mawM9xA
,,935,I,102,78,P5n0nLJVJ2zpSGf-OVtbilXRAWOFZdh_0xauaJtTCCoR3bC0UjJug4amIjcG6Ow8Bqy3yh7gwCFWXQ
,,912,I,90,61,2DuzLnsQ_jc03R67oYXjvftpFyLu2Q0G6yIg-1GohDcgrFpws64ay1EXlJYpuf3cOoz1vC3Ph2cDeQ
,,893,I,146,131,mQHvHI-2orbiPbkj_2TkAX7a6NYtJQQ-3jUThYNXzxw8n2cNey3vIuKf0bqurDmUf9e2gMlNiceNSw
